<application>
  <component name="ProjectManager">
    <defaultProject>
      <component name="WindowStateProjectService">
        <state x="1057" y="388" width="426" height="509" key="FileChooserDialogImpl" timestamp="1676011267088">
          <screen x="0" y="0" width="2560" height="1440" />
        </state>
        <state x="1057" y="388" width="426" height="509" key="FileChooserDialogImpl/0.0.2560.1440" timestamp="1676011267088" />
      </component>
    </defaultProject>
  </component>
</application>