<profile version="1.0">
  <option name="myName" value="Default" />
  <inspection_tool class="PyMethodParametersInspection" enabled="true" level="INFORMATION" enabled_by_default="true" />
  <inspection_tool class="PyPep8Inspection" enabled="true" level="WEAK WARNING" enabled_by_default="true">
    <option name="ignoredErrors">
      <list>
        <option value="E701" />
      </list>
    </option>
  </inspection_tool>
  <inspection_tool class="PyPep8NamingInspection" enabled="true" level="WEAK WARNING" enabled_by_default="true">
    <option name="ignoredErrors">
      <list>
        <option value="N812" />
        <option value="N801" />
        <option value="N806" />
        <option value="N802" />
      </list>
    </option>
  </inspection_tool>
  <inspection_tool class="PyUnresolvedReferencesInspection" enabled="true" level="WARNING" enabled_by_default="true">
    <option name="ignoredIdentifiers">
      <list>
        <option value="requests.adapters" />
      </list>
    </option>
  </inspection_tool>
</profile>